zip,area,primary_county_fips,primary_county,all_metro_county_fips,drought_county_granular
76511,austin,48491,Williamson,48491,yes
76527,austin,48491,Williamson,48491,yes
76530,austin,48491,Williamson,48491,yes
76537,austin,48491,Williamson,48491,yes
76573,austin,48491,Williamson,48491,yes
76574,austin,48453,Travis,48453|48491,yes
76577,austin,48491,Williamson,48491,yes
76578,austin,48491,Williamson,48491,yes
78130,austin,48209,Hays,48209,yes
78602,austin,48021,Bastrop,48021,no
78610,austin,48209,Hays,48055|48209|48453,yes
78612,austin,48453,Travis,48021|48453,yes
78613,austin,48453,Travis,48453|48491,yes
78615,austin,48453,Travis,48453|48491,yes
78616,austin,48453,Travis,48021|48055|48453,yes
78617,austin,48453,Travis,48021|48453,yes
78619,austin,48209,Hays,48209,yes
78620,austin,48209,Hays,48209|48453,yes
78621,austin,48453,Travis,48021|48453|48491,yes
78622,austin,48055,Caldwell,48055,no
78623,austin,48209,Hays,48209,yes
78626,austin,48491,Williamson,48491,yes
78628,austin,48491,Williamson,48491,yes
78632,austin,48055,Caldwell,48055,no
78633,austin,48491,Williamson,48491,yes
78634,austin,48453,Travis,48453|48491,yes
78640,austin,48209,Hays,48055|48209|48453,yes
78641,austin,48453,Travis,48453|48491,yes
78642,austin,48491,Williamson,48491,yes
78644,austin,48055,Caldwell,48055,no
78645,austin,48453,Travis,48453,yes
78648,austin,48055,Caldwell,48055,no
78650,austin,48021,Bastrop,48021,no
78652,austin,48209,Hays,48209|48453,yes
78653,austin,48453,Travis,48021|48453,yes
78654,austin,48453,Travis,48453,yes
78655,austin,48055,Caldwell,48055,no
78656,austin,48209,Hays,48055|48209,yes
78659,austin,48021,Bastrop,48021,no
78660,austin,48453,Travis,48453,yes
78661,austin,48055,Caldwell,48055,no
78662,austin,48021,Bastrop,48021|48055,no
78663,austin,48209,Hays,48209|48453,yes
78664,austin,48453,Travis,48453|48491,yes
78665,austin,48491,Williamson,48491,yes
78666,austin,48209,Hays,48055|48209,yes
78669,austin,48453,Travis,48453,yes
78674,austin,48491,Williamson,48491,yes
78676,austin,48209,Hays,48209,yes
78681,austin,48491,Williamson,48491,yes
78701,austin,48453,Travis,48453,yes
78702,austin,48453,Travis,48453,yes
78703,austin,48453,Travis,48453,yes
78704,austin,48453,Travis,48453,yes
78705,austin,48453,Travis,48453,yes
78712,austin,48453,Travis,48453,yes
78717,austin,48491,Williamson,48491,yes
78719,austin,48453,Travis,48453,yes
78721,austin,48453,Travis,48453,yes
78722,austin,48453,Travis,48453,yes
78723,austin,48453,Travis,48453,yes
78724,austin,48453,Travis,48453,yes
78725,austin,48453,Travis,48453,yes
78726,austin,48453,Travis,48453,yes
78727,austin,48453,Travis,48453|48491,yes
78728,austin,48453,Travis,48453|48491,yes
78729,austin,48453,Travis,48453|48491,yes
78730,austin,48453,Travis,48453,yes
78731,austin,48453,Travis,48453,yes
78732,austin,48453,Travis,48453,yes
78733,austin,48453,Travis,48453,yes
78734,austin,48453,Travis,48453,yes
78735,austin,48453,Travis,48453,yes
78736,austin,48209,Hays,48209|48453,yes
78737,austin,48209,Hays,48209|48453,yes
78738,austin,48453,Travis,48453,yes
78739,austin,48209,Hays,48209|48453,yes
78741,austin,48453,Travis,48453,yes
78742,austin,48453,Travis,48453,yes
78744,austin,48453,Travis,48453,yes
78745,austin,48453,Travis,48453,yes
78746,austin,48453,Travis,48453,yes
78747,austin,48453,Travis,48453,yes
78748,austin,48453,Travis,48453,yes
78749,austin,48453,Travis,48453,yes
78750,austin,48453,Travis,48453|48491,yes
78751,austin,48453,Travis,48453,yes
78752,austin,48453,Travis,48453,yes
78753,austin,48453,Travis,48453,yes
78754,austin,48453,Travis,48453,yes
78756,austin,48453,Travis,48453,yes
78757,austin,48453,Travis,48453,yes
78758,austin,48453,Travis,48453,yes
78759,austin,48453,Travis,48453|48491,yes
78941,austin,48021,Bastrop,48021,no
78942,austin,48021,Bastrop,48021,no
78945,austin,48021,Bastrop,48021,no
78953,austin,48021,Bastrop,48021|48055,no
78957,austin,48021,Bastrop,48021,no
78959,austin,48021,Bastrop,48021|48055,no
78002,san_antonio,48029,Bexar,48029,yes
78003,san_antonio,48019,Bandera,48019|48325,no
78004,san_antonio,48259,Kendall,48259,no
78005,san_antonio,48013,Atascosa,48013,no
78006,san_antonio,48029,Bexar,48029|48091|48259,yes
78008,san_antonio,48013,Atascosa,48013,no
78009,san_antonio,48325,Medina,48325,no
78011,san_antonio,48013,Atascosa,48013,no
78012,san_antonio,48013,Atascosa,48013,no
78013,san_antonio,48259,Kendall,48259,no
78015,san_antonio,48029,Bexar,48029|48091|48259,yes
78016,san_antonio,48325,Medina,48325,no
78023,san_antonio,48029,Bexar,48019|48029|48325,yes
78026,san_antonio,48013,Atascosa,48013,no
78027,san_antonio,48259,Kendall,48259,no
78039,san_antonio,48029,Bexar,48029|48325,yes
78050,san_antonio,48013,Atascosa,48013,no
78052,san_antonio,48029,Bexar,48013|48029|48325,yes
78055,san_antonio,48019,Bandera,48019,no
78056,san_antonio,48325,Medina,48325,no
78057,san_antonio,48325,Medina,48325,no
78059,san_antonio,48325,Medina,48325,no
78062,san_antonio,48013,Atascosa,48013,no
78063,san_antonio,48019,Bandera,48019,no
78064,san_antonio,48013,Atascosa,48013|48493,no
78065,san_antonio,48013,Atascosa,48013,no
78066,san_antonio,48325,Medina,48325,no
78069,san_antonio,48029,Bexar,48013|48029,yes
78070,san_antonio,48091,Comal,48091|48259,yes
78073,san_antonio,48029,Bexar,48013|48029,yes
78074,san_antonio,48259,Kendall,48259,no
78101,san_antonio,48029,Bexar,48029|48493,yes
78108,san_antonio,48029,Bexar,48029|48091|48187,yes
78109,san_antonio,48029,Bexar,48029,yes
78112,san_antonio,48029,Bexar,48029|48493,yes
78113,san_antonio,48013,Atascosa,48013|48493,no
78114,san_antonio,48013,Atascosa,48013|48493,no
78118,san_antonio,48013,Atascosa,48013,no
78121,san_antonio,48187,Guadalupe,48187|48493,yes
78123,san_antonio,48187,Guadalupe,48187,yes
78124,san_antonio,48029,Bexar,48029|48187,yes
78130,san_antonio,48091,Comal,48091|48187,yes
78132,san_antonio,48091,Comal,48091|48187,yes
78133,san_antonio,48091,Comal,48091,yes
78140,san_antonio,48187,Guadalupe,48187|48493,yes
78143,san_antonio,48493,Wilson,48493,no
78147,san_antonio,48493,Wilson,48493,no
78148,san_antonio,48029,Bexar,48029,yes
78150,san_antonio,48029,Bexar,48029,yes
78152,san_antonio,48029,Bexar,48029,yes
78154,san_antonio,48029,Bexar,48029|48091|48187,yes
78155,san_antonio,48187,Guadalupe,48187,yes
78160,san_antonio,48493,Wilson,48493,no
78161,san_antonio,48493,Wilson,48493,no
78163,san_antonio,48091,Comal,48091,yes
78201,san_antonio,48029,Bexar,48029,yes
78202,san_antonio,48029,Bexar,48029,yes
78203,san_antonio,48029,Bexar,48029,yes
78204,san_antonio,48029,Bexar,48029,yes
78205,san_antonio,48029,Bexar,48029,yes
78207,san_antonio,48029,Bexar,48029,yes
78208,san_antonio,48029,Bexar,48029,yes
78209,san_antonio,48029,Bexar,48029,yes
78210,san_antonio,48029,Bexar,48029,yes
78211,san_antonio,48029,Bexar,48029,yes
78212,san_antonio,48029,Bexar,48029,yes
78213,san_antonio,48029,Bexar,48029,yes
78214,san_antonio,48029,Bexar,48029,yes
78215,san_antonio,48029,Bexar,48029,yes
78216,san_antonio,48029,Bexar,48029,yes
78217,san_antonio,48029,Bexar,48029,yes
78218,san_antonio,48029,Bexar,48029,yes
78219,san_antonio,48029,Bexar,48029,yes
78220,san_antonio,48029,Bexar,48029,yes
78221,san_antonio,48029,Bexar,48029,yes
78222,san_antonio,48029,Bexar,48029,yes
78223,san_antonio,48029,Bexar,48029|48493,yes
78224,san_antonio,48029,Bexar,48029,yes
78225,san_antonio,48029,Bexar,48029,yes
78226,san_antonio,48029,Bexar,48029,yes
78227,san_antonio,48029,Bexar,48029,yes
78228,san_antonio,48029,Bexar,48029,yes
78229,san_antonio,48029,Bexar,48029,yes
78230,san_antonio,48029,Bexar,48029,yes
78231,san_antonio,48029,Bexar,48029,yes
78232,san_antonio,48029,Bexar,48029,yes
78233,san_antonio,48029,Bexar,48029,yes
78234,san_antonio,48029,Bexar,48029,yes
78235,san_antonio,48029,Bexar,48029,yes
78236,san_antonio,48029,Bexar,48029,yes
78237,san_antonio,48029,Bexar,48029,yes
78238,san_antonio,48029,Bexar,48029,yes
78239,san_antonio,48029,Bexar,48029,yes
78240,san_antonio,48029,Bexar,48029,yes
78242,san_antonio,48029,Bexar,48029,yes
78243,san_antonio,48029,Bexar,48029,yes
78244,san_antonio,48029,Bexar,48029,yes
78245,san_antonio,48029,Bexar,48029,yes
78247,san_antonio,48029,Bexar,48029,yes
78248,san_antonio,48029,Bexar,48029,yes
78249,san_antonio,48029,Bexar,48029,yes
78250,san_antonio,48029,Bexar,48029,yes
78251,san_antonio,48029,Bexar,48029,yes
78252,san_antonio,48029,Bexar,48029,yes
78253,san_antonio,48029,Bexar,48029|48325,yes
78254,san_antonio,48029,Bexar,48029,yes
78255,san_antonio,48029,Bexar,48029,yes
78256,san_antonio,48029,Bexar,48029,yes
78257,san_antonio,48029,Bexar,48029,yes
78258,san_antonio,48029,Bexar,48029,yes
78259,san_antonio,48029,Bexar,48029,yes
78260,san_antonio,48029,Bexar,48029,yes
78261,san_antonio,48029,Bexar,48029,yes
78263,san_antonio,48029,Bexar,48029,yes
78264,san_antonio,48029,Bexar,48013|48029,yes
78266,san_antonio,48029,Bexar,48029|48091,yes
78606,san_antonio,48091,Comal,48091|48259,yes
78623,san_antonio,48091,Comal,48091,yes
78624,san_antonio,48259,Kendall,48259,no
78638,san_antonio,48187,Guadalupe,48187,yes
78648,san_antonio,48187,Guadalupe,48187,yes
78655,san_antonio,48187,Guadalupe,48187,yes
78666,san_antonio,48091,Comal,48091|48187,yes
78670,san_antonio,48187,Guadalupe,48187,yes
78676,san_antonio,48091,Comal,48091,yes
78850,san_antonio,48325,Medina,48325,no
78861,san_antonio,48325,Medina,48325,no
78883,san_antonio,48019,Bandera,48019,no
78884,san_antonio,48019,Bandera,48019|48325,no
78885,san_antonio,48019,Bandera,48019,no
78886,san_antonio,48325,Medina,48325,no
