Topic,Relevance,AI Volume
Austin Service Groups,High,42
Austin Inc and Related Entities,High,1900
Cleaning Services in Austin,High,518
Austin Office and Commercial Cleaning Services,High,144
Austin Utilities and Energy Services,Medium,20800
Austin Associates and Related Business Entities,Medium,847
Austin IT Support and Services,Medium,1100
Austin Car and Chauffeur Services,Medium,1400
Austin Cleaning and Maid Services,Medium,4500
CAS Austin and Consulting Services,Medium,44
Austin Skyline Cleaning Services,Medium,198
Austin Auto Assistance and Roadside Services,Medium,399
Austin Group and Furniture Community,Medium,682
Austin General Contracting and Contractor Services,Medium,114
Austin Phone Numbers and Local Services,Medium,1800
Austin Electric and Electrical Services,Medium,1500
Austin Engineering and Related Companies,Medium,805
Austin IT and Local Guy Services,Medium,399
Home and Commercial Property Services in Texas,Medium,267
Austex Services and Transmission,Medium,663
Austin Plumbing and HVAC Services,High,6600
Home and Commercial Property Services in Texas,Medium,267
Austin Handyman Services,Medium,682
Austin TX Plumbing Services and Emergency Plumbers,Medium,1200
Austin Tree Care and Arborist Services,Medium,3000
Austin MN Plumbing Services,Medium,970
Austin Plumbing and Rooter Services,Medium,72
HVAC Services in Austin TX,Medium,608
Heating & Air Conditioning Services in Austin,Medium,641
HVAC Services in Austin,Medium,587
Austin Commercial and Fire Damage Restoration,Medium,699
Austin Fire and Flood Damage Restoration,Medium,214
Home and Commercial Property Services in Texas,Medium,267
Austin Handyman Services,Low,682
Fire Damage Restoration in Texas,Low,1700
Austin Plumbing and HVAC Services,Low,6600
Austin Fireplace and Chimney Services,Low,194
Austin Pool Repair and Maintenance,Low,898
Cleaning Services in Austin,Low,518
Austin Drainage and Drain Cleaning Services,Low,181
"Water, Mold, and Property Damage Restoration in Tyler and East Texas",Low,1600
Austin Mold and Allergy Services,Low,1400
Austin Plumbing and Rooter Services,Low,72
Austin Skyline Cleaning Services,Low,198
Denton Cleaning and Restoration Services,Low,284
Water Damage Restoration in Texas,Low,4500
Austin MN Plumbing Services,Low,970
Douglas Foundation Repair Austin,Low,99
Austin Cleaning and Maid Services,Low,4500
Austin Office and Commercial Cleaning Services,Low,144
Austin TX Plumbing Services and Emergency Plumbers,Low,1200
Austin and San Antonio Plumbing Services,Low,592
Air Duct Cleaning Services in New Countries and Austin,Low,481
Austin's Best Plumbing Services,Low,1100
Austin Water Leak Detection and Plumbing,Low,2100
Austin Pool Resurfacing and Plastering,Low,153
Austin Lawn Care and Yard Maintenance,Low,3800
Dryer and Air Duct Cleaning in Austin and Surrounding Areas,Low,859
Houston Water and Fire Damage Restoration,Low,2700
Austin Storm Damage,Low,978
Austin Siding and Insulation Services,Low,1100
Biohazard and Water Damage Cleanup in Austin and Round Rock,Low,966
Austin General Contracting and Contractor Services,Low,114
Emergency AC Repair Austin,Low,107
Austin Deck and Fence Services,Low,843
"Air Duct and Dryer Vent Cleaning in Houston, Austin, Dallas, and Fort Worth",Low,7200
Austin Stucco Services,Low,40
"Dallas, Austin, Fort Worth Chimney Services",Low,1900
Austin Pressure Washing and Power Washing Services,Low,806
Austin Retrofit Services,Low,320
Drywall Repair in Austin,Low,141
Leak Detection and Plumbing Services in Austin,Low,301
San Antonio Mold and Water Damage Restoration,Low,1400
Mold and Water Damage Restoration Services,Low,111
Duluth Mold and Property Damage Restoration,Low,788
Fire Damage Restoration and Cleaning in Urbandale,Low,57
Austin Home Renovation and Remodeling,Low,4800
Austin Tree Care and Arborist Services,Low,3000
Austin Waterproofing Services,Low,55
Water Damage and Mold Restoration in Chandler,Low,194
Fire and Smoke Damage Restoration Services in Arvada and Wheat Ridge,Low,60
Water Damage and Fire Restoration in Atlanta,Low,1900
Austin Insulation Services,Low,1700
Kansas City Water and Fire Damage Restoration,Low,1300
Mold and Water Damage Restoration in Allentown and Bethlehem,Low,159
Austin Pool Equipment and Maintenance,Low,611
Home Maintenance and Restoration Services,Low,110
Austin Roofing and Water Damage Services,Low,784
Handyman Services in West Austin and Lakeway,Low,394
Fire Protection Services in Texas,Low,987
Water Damage Restoration and Repair,Low,565900
Home Repair and Handyman Services,Low,271800
Fire and Smoke Damage Restoration,Low,195000
Houston Drain and Sewer Cleaning Services,Low,71600
Austin Waste Management & Recycling,Low,29600
Austin Roofing Services,Low,22000
Austin Utilities and Energy Services,Low,20800
Houston Mold Inspection and Removal,Low,17100
San Francisco Bay Area Mold and Water Damage Services,Low,14400
Emergency Restoration Services,Low,13500